filename,prob
TEST_000.mp4,0
TEST_001.jpg,0
TEST_002.mp4,0
TEST_003.mp4,0
TEST_004.jpg,0
TEST_005.mp4,0
TEST_006.mp4,0
TEST_007.jpg,0
TEST_008.jpg,0
TEST_009.png,0
TEST_010.png,0
TEST_011.mp4,0
TEST_012.mp4,0
TEST_013.jfif,0
TEST_014.mp4,0
TEST_015.mp4,0
TEST_016.png,0
TEST_017.jpeg,0
TEST_018.mp4,0
TEST_019.mp4,0
TEST_020.png,0
TEST_021.png,0
TEST_022.jpg,0
TEST_023.mp4,0
TEST_024.jpeg,0
TEST_025.png,0
TEST_026.png,0
TEST_027.png,0
TEST_028.jpeg,0
TEST_029.mp4,0
TEST_030.png,0
TEST_031.mp4,0
TEST_032.mp4,0
TEST_033.mp4,0
TEST_034.png,0
TEST_035.mov,0
TEST_036.mp4,0
TEST_037.png,0
TEST_038.mp4,0
TEST_039.jpeg,0
TEST_040.mp4,0
TEST_041.jpg,0
TEST_042.png,0
TEST_043.mp4,0
TEST_044.jpg,0
TEST_045.png,0
TEST_046.png,0
TEST_047.jpg,0
TEST_048.mp4,0
TEST_049.jpg,0
TEST_050.jpg,0
TEST_051.mp4,0
TEST_052.mp4,0
TEST_053.mp4,0
TEST_054.mp4,0
TEST_055.jpeg,0
TEST_056.mp4,0
TEST_057.png,0
TEST_058.mp4,0
TEST_059.jpg,0
TEST_060.png,0
TEST_061.jpg,0
TEST_062.mp4,0
TEST_063.png,0
TEST_064.png,0
TEST_065.jpg,0
TEST_066.png,0
TEST_067.jfif,0
TEST_068.jpg,0
TEST_069.mp4,0
TEST_070.mp4,0
TEST_071.mp4,0
TEST_072.jpg,0
TEST_073.jpg,0
TEST_074.mp4,0
TEST_075.mp4,0
TEST_076.jpg,0
TEST_077.jpeg,0
TEST_078.png,0
TEST_079.png,0
TEST_080.mp4,0
TEST_081.jpg,0
TEST_082.png,0
TEST_083.mp4,0
TEST_084.mp4,0
TEST_085.jpg,0
TEST_086.mp4,0
TEST_087.mp4,0
TEST_088.mov,0
TEST_089.jpg,0
TEST_090.mp4,0
TEST_091.png,0
TEST_092.mp4,0
TEST_093.mp4,0
TEST_094.mp4,0
TEST_095.mp4,0
TEST_096.jpg,0
TEST_097.jpeg,0
TEST_098.mp4,0
TEST_099.jpeg,0
TEST_100.jpg,0
TEST_101.mp4,0
TEST_102.png,0
TEST_103.mov,0
TEST_104.mov,0
TEST_105.png,0
TEST_106.mp4,0
TEST_107.jpeg,0
TEST_108.mp4,0
TEST_109.mp4,0
TEST_110.mp4,0
TEST_111.mp4,0
TEST_112.mp4,0
TEST_113.jpg,0
TEST_114.png,0
TEST_115.jpg,0
TEST_116.jpg,0
TEST_117.jpg,0
TEST_118.jpg,0
TEST_119.jfif,0
TEST_120.mp4,0
TEST_121.mp4,0
TEST_122.mp4,0
TEST_123.mp4,0
TEST_124.png,0
TEST_125.jpg,0
TEST_126.mp4,0
TEST_127.mp4,0
TEST_128.jpg,0
TEST_129.mp4,0
TEST_130.png,0
TEST_131.jfif,0
TEST_132.png,0
TEST_133.jpg,0
TEST_134.mp4,0
TEST_135.jpg,0
TEST_136.mp4,0
TEST_137.jpeg,0
TEST_138.png,0
TEST_139.jpg,0
TEST_140.jfif,0
TEST_141.mp4,0
TEST_142.png,0
TEST_143.png,0
TEST_144.jpg,0
TEST_145.jpg,0
TEST_146.jpg,0
TEST_147.mp4,0
TEST_148.jpg,0
TEST_149.mp4,0
TEST_150.png,0
TEST_151.jpg,0
TEST_152.jpg,0
TEST_153.jpg,0
TEST_154.png,0
TEST_155.mp4,0
TEST_156.png,0
TEST_157.mp4,0
TEST_158.mp4,0
TEST_159.jpeg,0
TEST_160.jfif,0
TEST_161.mp4,0
TEST_162.mp4,0
TEST_163.jpeg,0
TEST_164.mp4,0
TEST_165.png,0
TEST_166.jpeg,0
TEST_167.png,0
TEST_168.png,0
TEST_169.jpg,0
TEST_170.jfif,0
TEST_171.mp4,0
TEST_172.png,0
TEST_173.png,0
TEST_174.jfif,0
TEST_175.mp4,0
TEST_176.mp4,0
TEST_177.mp4,0
TEST_178.mp4,0
TEST_179.mp4,0
TEST_180.mp4,0
TEST_181.mp4,0
TEST_182.mp4,0
TEST_183.jpeg,0
TEST_184.png,0
TEST_185.mp4,0
TEST_186.mp4,0
TEST_187.jpg,0
TEST_188.mp4,0
TEST_189.mp4,0
TEST_190.png,0
TEST_191.mp4,0
TEST_192.mp4,0
TEST_193.jpg,0
TEST_194.jfif,0
TEST_195.jpg,0
TEST_196.mp4,0
TEST_197.jpg,0
TEST_198.mp4,0
TEST_199.mp4,0
TEST_200.png,0
TEST_201.png,0
TEST_202.png,0
TEST_203.mp4,0
TEST_204.mp4,0
TEST_205.mp4,0
TEST_206.jpg,0
TEST_207.jpg,0
TEST_208.png,0
TEST_209.mp4,0
TEST_210.jpg,0
TEST_211.jpg,0
TEST_212.mp4,0
TEST_213.mp4,0
TEST_214.jpg,0
TEST_215.mp4,0
TEST_216.mp4,0
TEST_217.mp4,0
TEST_218.mp4,0
TEST_219.jpg,0
TEST_220.mp4,0
TEST_221.jpg,0
TEST_222.jpeg,0
TEST_223.mp4,0
TEST_224.mp4,0
TEST_225.mp4,0
TEST_226.jpg,0
TEST_227.mp4,0
TEST_228.jpg,0
TEST_229.png,0
TEST_230.png,0
TEST_231.jpg,0
TEST_232.mp4,0
TEST_233.png,0
TEST_234.mp4,0
TEST_235.mp4,0
TEST_236.mp4,0
TEST_237.mp4,0
TEST_238.mp4,0
TEST_239.mp4,0
TEST_240.mp4,0
TEST_241.mp4,0
TEST_242.mp4,0
TEST_243.png,0
TEST_244.mp4,0
TEST_245.jpg,0
TEST_246.jpg,0
TEST_247.png,0
TEST_248.mp4,0
TEST_249.mp4,0
TEST_250.png,0
TEST_251.mp4,0
TEST_252.png,0
TEST_253.mp4,0
TEST_254.mp4,0
TEST_255.mp4,0
TEST_256.mp4,0
TEST_257.mp4,0
TEST_258.mp4,0
TEST_259.mp4,0
TEST_260.jpg,0
TEST_261.jpg,0
TEST_262.mp4,0
TEST_263.png,0
TEST_264.mp4,0
TEST_265.jpg,0
TEST_266.mp4,0
TEST_267.png,0
TEST_268.mp4,0
TEST_269.jpg,0
TEST_270.mp4,0
TEST_271.mp4,0
TEST_272.jpg,0
TEST_273.mp4,0
TEST_274.mp4,0
TEST_275.mp4,0
TEST_276.mp4,0
TEST_277.mp4,0
TEST_278.jpg,0
TEST_279.jpg,0
TEST_280.mp4,0
TEST_281.mp4,0
TEST_282.mp4,0
TEST_283.mp4,0
TEST_284.mp4,0
TEST_285.mp4,0
TEST_286.jpg,0
TEST_287.mp4,0
TEST_288.mp4,0
TEST_289.mp4,0
TEST_290.mp4,0
TEST_291.mp4,0
TEST_292.mp4,0
TEST_293.mp4,0
TEST_294.jpeg,0
TEST_295.mp4,0
TEST_296.mp4,0
TEST_297.mp4,0
TEST_298.png,0
TEST_299.png,0
TEST_300.mp4,0
TEST_301.jpg,0
TEST_302.mp4,0
TEST_303.mp4,0
TEST_304.mp4,0
TEST_305.mp4,0
TEST_306.jpg,0
TEST_307.jpg,0
TEST_308.jpg,0
TEST_309.jpg,0
TEST_310.mp4,0
TEST_311.mp4,0
TEST_312.mp4,0
TEST_313.mp4,0
TEST_314.jpg,0
TEST_315.jpg,0
TEST_316.mp4,0
TEST_317.jpeg,0
TEST_318.mp4,0
TEST_319.mp4,0
TEST_320.mp4,0
TEST_321.png,0
TEST_322.jpg,0
TEST_323.png,0
TEST_324.jfif,0
TEST_325.png,0
TEST_326.jfif,0
TEST_327.jpg,0
TEST_328.mp4,0
TEST_329.mp4,0
TEST_330.mp4,0
TEST_331.jpg,0
TEST_332.jpg,0
TEST_333.jpeg,0
TEST_334.mp4,0
TEST_335.mp4,0
TEST_336.mp4,0
TEST_337.mp4,0
TEST_338.mp4,0
TEST_339.jpeg,0
TEST_340.jpg,0
TEST_341.jpg,0
TEST_342.png,0
TEST_343.mp4,0
TEST_344.mp4,0
TEST_345.jpeg,0
TEST_346.png,0
TEST_347.mp4,0
TEST_348.mp4,0
TEST_349.jpg,0
TEST_350.jpg,0
TEST_351.mp4,0
TEST_352.png,0
TEST_353.jpg,0
TEST_354.mp4,0
TEST_355.png,0
TEST_356.jpeg,0
TEST_357.mp4,0
TEST_358.mp4,0
TEST_359.mp4,0
TEST_360.jpg,0
TEST_361.mp4,0
TEST_362.mp4,0
TEST_363.jfif,0
TEST_364.jpeg,0
TEST_365.jpg,0
TEST_366.jpg,0
TEST_367.mp4,0
TEST_368.mp4,0
TEST_369.mp4,0
TEST_370.png,0
TEST_371.mp4,0
TEST_372.jpg,0
TEST_373.jpg,0
TEST_374.jpg,0
TEST_375.mp4,0
TEST_376.mp4,0
TEST_377.mp4,0
TEST_378.jpg,0
TEST_379.mp4,0
TEST_380.png,0
TEST_381.png,0
TEST_382.png,0
TEST_383.mp4,0
TEST_384.png,0
TEST_385.png,0
TEST_386.mp4,0
TEST_387.jpg,0
TEST_388.mp4,0
TEST_389.png,0
TEST_390.mp4,0
TEST_391.png,0
TEST_392.mp4,0
TEST_393.mp4,0
TEST_394.jpg,0
TEST_395.mp4,0
TEST_396.mp4,0
TEST_397.mp4,0
TEST_398.png,0
TEST_399.mp4,0
TEST_400.mp4,0
TEST_401.mp4,0
TEST_402.png,0
TEST_403.jpg,0
TEST_404.png,0
TEST_405.png,0
TEST_406.mp4,0
TEST_407.mp4,0
TEST_408.jpg,0
TEST_409.mp4,0
TEST_410.mp4,0
TEST_411.jpg,0
TEST_412.mp4,0
TEST_413.mp4,0
TEST_414.mp4,0
TEST_415.mp4,0
TEST_416.jpg,0
TEST_417.jpg,0
TEST_418.jpg,0
TEST_419.mp4,0
TEST_420.png,0
TEST_421.mp4,0
TEST_422.png,0
TEST_423.jpg,0
TEST_424.mp4,0
TEST_425.jfif,0
TEST_426.mp4,0
TEST_427.jpg,0
TEST_428.jpg,0
TEST_429.mp4,0
TEST_430.mp4,0
TEST_431.jpeg,0
TEST_432.mp4,0
TEST_433.png,0
TEST_434.jpeg,0
TEST_435.mp4,0
TEST_436.jpg,0
TEST_437.jpg,0
TEST_438.jpeg,0
TEST_439.mp4,0
TEST_440.jpg,0
TEST_441.mp4,0
TEST_442.jpg,0
TEST_443.mp4,0
TEST_444.mp4,0
TEST_445.png,0
TEST_446.mp4,0
TEST_447.mp4,0
TEST_448.png,0
TEST_449.mp4,0
TEST_450.jpg,0
TEST_451.jpeg,0
TEST_452.mp4,0
TEST_453.png,0
TEST_454.png,0
TEST_455.mp4,0
TEST_456.mp4,0
TEST_457.mp4,0
TEST_458.png,0
TEST_459.mp4,0
TEST_460.mp4,0
TEST_461.png,0
TEST_462.jfif,0
TEST_463.mp4,0
TEST_464.jpg,0
TEST_465.jpg,0
TEST_466.jfif,0
TEST_467.mp4,0
TEST_468.png,0
TEST_469.mp4,0
TEST_470.jpg,0
TEST_471.mp4,0
TEST_472.mp4,0
TEST_473.mp4,0
TEST_474.mp4,0
TEST_475.mp4,0
TEST_476.mov,0
TEST_477.jpg,0
TEST_478.mp4,0
TEST_479.mp4,0
TEST_480.mp4,0
TEST_481.mp4,0
TEST_482.mp4,0
TEST_483.jpg,0
TEST_484.mp4,0
TEST_485.png,0
TEST_486.png,0
TEST_487.mp4,0
TEST_488.mp4,0
TEST_489.png,0
TEST_490.png,0
TEST_491.png,0
TEST_492.jfif,0
TEST_493.mp4,0
TEST_494.jpeg,0
TEST_495.jpg,0
TEST_496.jpg,0
TEST_497.mp4,0
TEST_498.mp4,0
TEST_499.jfif,0
